City_ID,City,Country,Date,Lat,Lng,Max Temp,Humidity,Cloudiness,Wind Speed
0,Nioro,GM,2021-02-07 16:49:30,13.35,-15.75,94.5,10,46,11.59
1,Port Hardy,CA,2021-02-07 16:47:21,50.6996,-127.4199,39.2,93,75,5.75
2,Kodiak,US,2021-02-07 16:47:24,57.79,-152.4072,26.6,63,1,4.61
3,Sitka,US,2021-02-07 16:49:30,57.0531,-135.33,28.4,64,75,3.44
4,Yellowknife,CA,2021-02-07 16:47:20,62.456,-114.3525,-49.0,65,1,4.61
5,Rikitea,PF,2021-02-07 16:44:50,-23.1203,-134.9692,77.27,72,95,11.77
6,Hofn,IS,2021-02-07 16:49:31,64.2539,-15.2082,36.59,83,100,17.83
7,Barrow,US,2021-02-07 16:49:31,71.2906,-156.7887,-20.2,69,75,10.36
8,Kiama,AU,2021-02-07 16:49:31,-34.6833,150.8667,66.0,80,92,1.99
9,Punta Arenas,CL,2021-02-07 16:45:12,-53.15,-70.9167,62.6,34,0,12.66
10,Camopi,GF,2021-02-07 16:49:31,3.1655,-52.3158,74.23,97,100,3.2
11,New Norfolk,AU,2021-02-07 16:47:21,-42.7826,147.0587,55.4,62,90,9.22
12,Hermanus,ZA,2021-02-07 16:49:31,-34.4187,19.2345,69.01,69,46,4.0
13,Georgetown,MY,2021-02-07 16:49:31,5.4112,100.3354,82.4,83,20,3.44
14,Mahebourg,MU,2021-02-07 16:46:09,-20.4081,57.7,80.6,78,20,10.36
15,Qaanaaq,GL,2021-02-07 16:47:36,77.484,-69.3632,11.08,87,99,4.68
16,San Patricio,US,2021-02-07 16:47:42,28.017,-97.5169,68.0,59,1,13.8
17,Hilo,US,2021-02-07 16:45:12,19.7297,-155.09,64.4,59,20,8.05
18,Tevaitoa,PF,2021-02-07 16:49:32,-16.7833,-151.5,81.0,75,5,13.11
19,Atambua,ID,2021-02-07 16:49:32,-9.1061,124.8925,74.91,89,99,3.4
20,Ribeira Grande,PT,2021-02-07 16:49:32,38.5167,-28.7,62.6,72,20,20.71
21,Faya,SA,2021-02-07 16:49:32,18.3851,42.4509,59.0,67,0,3.44
22,Puerto Ayora,EC,2021-02-07 16:47:20,-0.7393,-90.3518,84.2,70,0,18.41
23,Starkville,US,2021-02-07 16:47:30,33.4504,-88.8184,44.01,81,90,5.75
24,Jamestown,US,2021-02-07 16:49:32,42.097,-79.2353,21.0,73,90,12.66
25,Cururupu,BR,2021-02-07 16:49:33,-1.8283,-44.8683,87.89,59,48,7.4
26,Airai,TL,2021-02-07 16:49:33,-8.9266,125.4092,60.93,100,100,2.57
27,Albany,US,2021-02-07 16:45:45,42.6001,-73.9662,26.01,75,100,1.01
28,Mataura,NZ,2021-02-07 16:45:23,-46.1927,168.8643,51.69,87,99,1.79
29,Busselton,AU,2021-02-07 16:44:58,-33.65,115.3333,63.0,98,99,1.01
30,Zhanaozen,KZ,2021-02-07 16:46:07,43.3,52.8,37.42,85,40,12.24
31,Cape Town,ZA,2021-02-07 16:45:46,-33.9258,18.4232,71.6,53,0,25.32
32,Wanaka,NZ,2021-02-07 16:49:33,-44.7,169.15,52.52,72,68,5.26
33,Vao,NC,2021-02-07 16:49:33,-22.6667,167.4833,77.14,86,11,3.69
34,Vila Franca Do Campo,PT,2021-02-07 16:49:33,37.7167,-25.4333,63.0,72,75,14.97
35,Bambous Virieux,MU,2021-02-07 16:47:18,-20.3428,57.7575,81.0,78,20,10.36
36,Cabo San Lucas,MX,2021-02-07 16:46:33,22.8909,-109.9124,68.0,72,40,3.44
37,Arraial Do Cabo,BR,2021-02-07 16:49:34,-22.9661,-42.0278,77.0,83,75,9.22
38,Flin Flon,CA,2021-02-07 16:49:34,54.7682,-101.865,-36.4,61,1,12.66
39,Bredasdorp,ZA,2021-02-07 16:45:46,-34.5322,20.0403,69.8,52,71,10.36
40,San Cristobal,VE,2021-02-07 16:47:15,7.7669,-72.225,86.0,54,20,11.5
41,Atuona,PF,2021-02-07 16:49:34,-9.8,-139.0333,79.32,75,44,21.56
42,Murgab,TM,2021-02-07 16:49:34,37.4966,61.9714,53.6,62,75,4.61
43,San Joaquin,US,2021-02-07 16:49:34,37.9333,-121.3011,51.01,100,1,4.16
44,Hobyo,SO,2021-02-07 16:47:38,5.3505,48.5268,78.49,75,5,18.57
45,Ampanihy,MG,2021-02-07 16:49:34,-24.7,44.75,78.89,77,44,11.92
46,Mendoza,AR,2021-02-07 16:49:35,-32.8908,-68.8272,86.0,37,20,9.22
47,Butaritari,KI,2021-02-07 16:47:28,3.0707,172.7902,80.53,81,42,17.45
48,Ushuaia,AR,2021-02-07 16:44:48,-54.8,-68.3,59.0,55,0,13.8
49,Khatanga,RU,2021-02-07 16:47:19,71.9667,102.5,-31.85,79,0,9.06
50,Dingle,PH,2021-02-07 16:49:35,10.9995,122.6711,75.52,91,100,9.01
51,Tiksi,RU,2021-02-07 16:47:19,71.6872,128.8694,-28.7,83,75,3.69
52,Shingu,JP,2021-02-07 16:49:35,33.7333,135.9833,41.58,80,0,5.82
53,Mbini,GQ,2021-02-07 16:49:35,1.574,9.6134,86.0,74,20,4.61
54,Ahipara,NZ,2021-02-07 16:49:35,-35.1667,173.1667,59.43,89,65,6.85
55,Tuktoyaktuk,CA,2021-02-07 16:47:30,69.4541,-133.0374,-22.0,76,90,14.97
56,Bluff,NZ,2021-02-07 16:47:27,-46.6,168.3333,54.07,87,100,5.55
57,Upernavik,GL,2021-02-07 16:49:36,72.7868,-56.1549,18.46,80,18,3.47
58,Luderitz,NA,2021-02-07 16:49:36,-26.6481,15.1594,76.23,51,0,31.94
59,Buraydah,SA,2021-02-07 16:46:40,26.326,43.975,57.2,94,75,8.05
60,Hobart,AU,2021-02-07 16:46:53,-42.8794,147.3294,55.4,62,90,9.22
61,Port Elizabeth,ZA,2021-02-07 16:47:34,-33.918,25.5701,68.0,94,75,8.05
62,Iqaluit,CA,2021-02-07 16:49:28,63.7506,-68.5145,24.8,68,75,21.85
63,Pringsewu,ID,2021-02-07 16:49:36,-5.3582,104.9744,73.98,93,100,3.65
64,Thompson,CA,2021-02-07 16:49:36,55.7435,-97.8558,-36.4,67,75,13.8
65,Hirara,JP,2021-02-07 16:49:36,24.8,125.2833,68.77,72,100,10.98
66,Fairbanks,US,2021-02-07 16:49:37,64.8378,-147.7164,-13.0,76,1,3.44
67,Esperance,AU,2021-02-07 16:47:40,-33.8667,121.9,64.4,82,40,16.11
68,Tuatapere,NZ,2021-02-07 16:49:37,-46.1333,167.6833,54.61,75,94,4.54
69,Nelson Bay,AU,2021-02-07 16:49:37,-32.7167,152.15,70.0,83,90,10.36
70,Saint-Philippe,RE,2021-02-07 16:49:37,-21.3585,55.7679,80.6,78,20,1.14
71,Saint Anthony,US,2021-02-07 16:49:37,45.0205,-93.218,-11.2,58,1,8.05
72,Piney Green,US,2021-02-07 16:49:37,34.716,-77.3202,44.6,87,90,14.97
73,Torbay,CA,2021-02-07 16:47:34,47.6666,-52.7314,34.0,59,40,33.38
74,Nouakchott,MR,2021-02-07 16:48:43,18.0858,-15.9785,80.6,17,0,18.41
75,Komsomolskiy,UZ,2021-02-07 16:49:37,40.4272,71.7189,45.5,83,100,3.53
76,Henties Bay,NA,2021-02-07 16:49:37,-22.116,14.2845,66.0,85,75,3.0
77,Tura,IN,2021-02-07 16:48:23,25.5198,90.2201,59.2,42,16,2.28
78,Yumen,CN,2021-02-07 16:49:38,40.2833,97.2,30.07,71,66,6.93
79,Pacific Grove,US,2021-02-07 16:49:38,36.6177,-121.9166,44.6,87,1,3.44
80,Potchefstroom,ZA,2021-02-07 16:49:38,-26.7167,27.1,67.89,80,61,7.74
81,Hithadhoo,MV,2021-02-07 16:45:24,-0.6,73.0833,81.88,73,44,10.07
82,Biak,ID,2021-02-07 16:49:38,-0.9131,122.8766,77.68,80,100,2.35
83,Tadine,NC,2021-02-07 16:49:38,-21.55,167.8833,76.24,84,0,4.09
84,Pimentel,PE,2021-02-07 16:49:38,-6.8367,-79.9342,86.0,48,0,8.05
85,Beira,MZ,2021-02-07 16:49:38,-19.8436,34.8389,84.2,79,40,4.61
86,Marawi,PH,2021-02-07 16:49:39,7.9986,124.2928,75.99,95,100,1.01
87,Muli,MV,2021-02-07 16:49:39,2.9167,73.5667,81.63,74,64,16.35
88,Kathmandu,NP,2021-02-07 16:45:13,27.7167,85.3167,48.2,71,20,2.3
89,Rio Gallegos,AR,2021-02-07 16:45:40,-51.6226,-69.2181,66.2,34,0,8.05
90,Mangrol,IN,2021-02-07 16:49:39,21.1167,70.1167,70.54,57,0,4.25
91,Dikson,RU,2021-02-07 16:49:39,73.5069,80.5464,-29.06,86,88,10.94
92,Kavaratti,IN,2021-02-07 16:49:39,10.5669,72.642,81.5,66,0,6.73
93,Namatanai,PG,2021-02-07 16:48:02,-3.6667,152.4333,80.4,80,81,5.3
94,Pisco,PE,2021-02-07 16:49:39,-13.7,-76.2167,78.01,83,75,5.75
95,Severo-Kurilsk,RU,2021-02-07 16:49:39,50.6789,156.125,18.16,88,88,14.79
96,Hasaki,JP,2021-02-07 16:49:40,35.7333,140.8333,37.4,70,75,1.14
97,Livingston,GB,2021-02-07 16:49:40,55.9029,-3.5226,33.8,69,90,13.8
98,Nabire,ID,2021-02-07 16:49:40,-3.3667,135.4833,76.44,84,100,3.31
99,Chalus,IR,2021-02-07 16:49:40,36.655,51.4204,51.8,100,90,0.96
100,Xinzhou,CN,2021-02-07 16:49:40,38.4092,112.7333,28.85,76,0,1.74
101,Manta,EC,2021-02-07 16:49:40,-0.95,-80.7333,84.2,74,40,3.44
102,Bud,US,2021-02-07 16:49:40,39.447,-86.1758,10.99,56,1,3.44
103,Necochea,AR,2021-02-07 16:47:50,-38.5473,-58.7368,60.01,92,85,18.84
104,Aksu,CN,2021-02-07 16:49:40,41.1231,80.2644,32.81,78,100,1.86
105,Dattapur,IN,2021-02-07 16:49:40,20.7667,78.1667,63.23,28,14,6.38
106,Klaksvik,FO,2021-02-07 16:49:41,62.2266,-6.589,33.8,86,40,5.75
107,Hami,CN,2021-02-07 16:44:59,42.8,93.45,30.43,81,43,2.95
108,Amazar,RU,2021-02-07 16:49:41,53.858,120.875,-15.29,81,21,2.35
109,Pathein,MM,2021-02-07 16:49:41,16.7833,94.7333,72.01,65,17,8.68
110,Hovd,MN,2021-02-07 16:48:00,48.0056,91.6419,13.8,87,88,0.16
111,Bengkulu,ID,2021-02-07 16:47:45,-3.8004,102.2655,76.78,85,100,5.55
112,Vaini,TO,2021-02-07 16:49:41,-21.2,-175.2,77.0,94,75,10.36
113,Cayenne,GF,2021-02-07 16:49:41,4.9333,-52.3333,82.4,83,90,16.11
114,Padang,ID,2021-02-07 16:49:42,-0.9492,100.3543,82.4,74,20,4.61
115,Avarua,CK,2021-02-07 16:49:42,-21.2078,-159.775,78.8,89,1,3.44
116,Ilulissat,GL,2021-02-07 16:49:42,69.2167,-51.1,26.6,33,0,11.5
117,Shakiso,ET,2021-02-07 16:49:42,5.75,38.9167,67.98,45,66,2.42
118,Lata,PT,2021-02-07 16:49:42,40.1629,-8.3327,54.0,91,100,1.99
119,Nikolskoye,RU,2021-02-07 16:49:42,59.7035,30.7861,15.8,92,75,11.18
120,Lebu,CL,2021-02-07 16:47:46,-37.6167,-73.65,64.9,72,58,6.51
121,Ponta Do Sol,PT,2021-02-07 16:49:42,32.6667,-17.1,61.0,87,79,1.99
122,Saryg-Sep,RU,2021-02-07 16:49:42,51.5,95.6,5.11,91,0,2.19
123,Beringovskiy,RU,2021-02-07 16:49:43,63.05,179.3167,-4.09,89,99,13.8
124,Lindau,DE,2021-02-07 16:49:43,47.55,9.6833,41.0,100,75,5.75
125,Tasiilaq,GL,2021-02-07 16:49:43,65.6145,-37.6368,21.2,58,1,3.44
126,Grand-Santi,GF,2021-02-07 16:49:43,4.25,-54.3833,81.21,76,99,5.14
127,Anadyr,RU,2021-02-07 16:49:43,64.75,177.4833,10.4,40,0,6.71
128,Kruisfontein,ZA,2021-02-07 16:49:43,-34.0033,24.7314,66.99,89,100,7.0
129,Lagos,NG,2021-02-07 16:49:43,6.5833,3.75,85.96,67,98,10.13
130,Constitucion,CL,2021-02-07 16:47:25,-35.3333,-72.4167,67.8,64,80,6.55
131,Chifeng,CN,2021-02-07 16:44:47,42.2683,118.9636,2.64,83,0,5.28
132,Dolinsk,RU,2021-02-07 16:49:44,47.35,142.8,-13.0,84,40,2.24
133,Cloquet,US,2021-02-07 16:49:44,46.7216,-92.4594,-11.0,52,1,11.5
134,Mandalgovi,MN,2021-02-07 16:49:44,45.7625,106.2708,12.63,81,0,10.31
135,Muisne,EC,2021-02-07 16:49:44,0.6,-80.0333,82.4,89,75,6.91
136,Chapais,CA,2021-02-07 16:47:35,49.7834,-74.8492,12.2,79,90,9.22
137,Loa Janan,ID,2021-02-07 16:49:44,-0.583,117.095,75.06,94,100,0.69
138,Senno,RU,2021-02-07 16:49:45,59.5336,33.9167,0.0,80,43,2.8
139,Te Anau,NZ,2021-02-07 16:49:45,-45.4167,167.7167,54.21,81,99,3.13
140,Belaya Gora,RU,2021-02-07 16:49:45,68.5333,146.4167,-28.55,83,46,4.5
141,Axim,GH,2021-02-07 16:49:45,4.8699,-2.2405,82.78,77,100,8.25
142,Vila Velha,BR,2021-02-07 16:46:14,-20.3297,-40.2925,70.0,100,90,2.3
143,Wilmington,US,2021-02-07 16:49:01,34.2257,-77.9447,44.6,93,90,20.71
144,Saquena,PE,2021-02-07 16:49:45,-4.6667,-73.5167,85.33,78,85,1.92
145,Ternate,ID,2021-02-07 16:49:45,0.8,127.4,81.09,79,80,4.32
146,Mar Del Plata,AR,2021-02-07 16:45:16,-38.0023,-57.5575,61.0,94,90,13.8
147,Jieshi,CN,2021-02-07 16:49:46,22.8134,115.8257,63.01,81,0,11.63
148,Khandyga,RU,2021-02-07 16:49:46,62.6667,135.6,-33.93,82,34,3.11
149,Narsaq,GL,2021-02-07 16:49:46,60.9167,-46.05,39.2,33,20,49.48
150,Blyth,GB,2021-02-07 16:49:47,55.1271,-1.5086,35.01,64,90,13.8
151,Margate,GB,2021-02-07 16:49:47,51.3813,1.3862,30.99,84,100,7.0
152,Mitsamiouli,KM,2021-02-07 16:49:47,-11.3847,43.2844,83.61,73,82,8.3
153,Sheridan,US,2021-02-07 16:44:50,44.8333,-106.9173,0.0,71,90,21.85
154,Dalvik,IS,2021-02-07 16:49:48,65.9702,-18.5286,33.8,69,75,4.61
155,Kapaa,US,2021-02-07 16:49:48,22.0752,-159.319,60.8,72,1,11.5
156,Suhbaatar,MN,2021-02-07 16:49:49,50.2314,106.2078,-0.89,89,32,3.47
157,Saskylakh,RU,2021-02-07 16:49:49,71.9167,114.0833,-38.13,78,27,11.86
158,Warrington,GB,2021-02-07 16:49:50,53.3925,-2.5802,37.0,69,90,16.11
159,East London,ZA,2021-02-07 16:48:26,-33.0153,27.9116,73.4,83,20,6.91
160,Ponta Delgada,PT,2021-02-07 16:46:58,37.7333,-25.6667,63.0,72,75,14.97
161,Morden,CA,2021-02-07 16:49:50,49.1919,-98.1014,-18.4,52,0,8.05
162,Port-Gentil,GA,2021-02-07 16:49:50,-0.7193,8.7815,80.6,78,40,4.61
163,Pinar Del Rio,CU,2021-02-07 16:49:50,22.4175,-83.6981,83.35,65,12,13.89
164,Namibe,AO,2021-02-07 16:49:50,-15.1961,12.1522,73.87,74,97,9.8
165,Ostrovnoy,RU,2021-02-07 16:49:50,68.0531,39.5131,9.54,88,100,7.72
166,Benguela,AO,2021-02-07 16:49:51,-12.5763,13.4055,78.39,70,100,7.02
167,Veraval,IN,2021-02-07 16:49:51,20.9,70.3667,71.76,52,2,5.32
168,Saldanha,ZA,2021-02-07 16:49:51,-33.0117,17.9442,73.4,46,0,23.02
169,Maragogi,BR,2021-02-07 16:49:51,-9.0122,-35.2225,84.69,65,58,12.91
170,Eureka,US,2021-02-07 16:49:51,40.8021,-124.1637,46.0,89,1,4.05
171,Provideniya,RU,2021-02-07 16:47:42,64.3833,-173.3,-3.48,77,32,16.15
172,Muros,ES,2021-02-07 16:47:52,42.7762,-9.0603,52.0,93,100,21.0
173,Khani,GE,2021-02-07 16:49:51,41.9563,42.9566,44.6,93,75,2.3
174,Sept-Iles,CA,2021-02-07 16:45:45,50.2001,-66.3821,21.99,58,0,9.22
175,Sao Joao Da Barra,BR,2021-02-07 16:49:51,-21.6403,-41.0511,73.4,88,90,4.61
176,Naze,JP,2021-02-07 16:49:52,28.3667,129.4833,57.83,64,0,8.81
177,Saint-Augustin,CA,2021-02-07 16:49:52,51.226,-58.6502,29.71,92,85,23.49
178,Cherskiy,RU,2021-02-07 16:47:40,68.75,161.3,-4.41,72,49,1.25
179,Oistins,BB,2021-02-07 16:48:22,13.0667,-59.5333,84.2,58,40,23.02
180,Leningradskiy,RU,2021-02-07 16:49:52,69.3833,178.4167,-13.74,78,6,5.37
181,Tondano,ID,2021-02-07 16:49:52,1.3038,124.9112,77.0,100,40,3.44
182,Elat,IL,2021-02-07 16:49:52,29.5581,34.9482,73.4,40,0,9.22
183,Nemuro,JP,2021-02-07 16:45:13,43.3236,145.575,14.99,88,78,11.81
184,Lazaro Cardenas,MX,2021-02-07 16:49:52,17.9583,-102.2,84.24,50,10,1.39
185,Tshane,BW,2021-02-07 16:49:52,-24.0196,21.8684,76.3,65,12,9.24
186,Tamandare,BR,2021-02-07 16:49:53,-8.7597,-35.1047,85.21,62,70,11.72
187,Tuyen Quang,VN,2021-02-07 16:49:53,21.8233,105.2181,72.14,70,98,1.28
188,Svetlaya,RU,2021-02-07 16:49:53,46.5389,138.3297,0.68,85,66,11.03
189,Carnarvon,AU,2021-02-07 16:47:18,-24.8667,113.6333,78.8,100,12,12.66
190,Bethel,US,2021-02-07 16:49:53,41.3712,-73.414,27.0,93,90,4.61
191,Alofi,NU,2021-02-07 16:49:53,-19.0595,-169.9187,77.0,94,76,4.61
192,Castro,BR,2021-02-07 16:49:53,-24.7911,-50.0119,75.22,42,0,3.31
193,Merritt Island,US,2021-02-07 16:49:53,28.5392,-80.672,75.2,94,75,6.91
194,Dawei,MM,2021-02-07 16:49:53,14.0833,98.2,71.65,74,0,2.82
195,Kaitangata,NZ,2021-02-07 16:49:53,-46.2817,169.8464,57.99,94,53,2.48
196,Behbahan,IR,2021-02-07 16:49:54,30.5959,50.2417,59.0,88,40,6.91
197,Zhezkazgan,KZ,2021-02-07 16:49:54,47.8043,67.7144,21.51,98,100,13.76
198,Port Alfred,ZA,2021-02-07 16:47:20,-33.5906,26.891,66.99,94,65,15.99
199,North Bend,US,2021-02-07 16:48:23,43.4065,-124.2243,44.6,93,90,3.44
200,Yulara,AU,2021-02-07 16:49:54,-25.2406,130.9889,78.8,29,0,6.91
201,Ilukste,LV,2021-02-07 16:49:54,55.9775,26.2966,5.79,93,0,4.27
202,Sandwick,GB,2021-02-07 16:49:54,60.0,-1.25,33.8,55,75,8.05
203,Richards Bay,ZA,2021-02-07 16:47:05,-28.783,32.0377,75.92,86,48,2.17
204,Hamada,JP,2021-02-07 16:49:55,34.8833,132.0833,43.0,13,53,1.99
205,Isangel,VU,2021-02-07 16:49:55,-19.55,169.2667,77.36,80,23,3.78
206,Tallahassee,US,2021-02-07 16:49:55,30.4383,-84.2807,50.0,87,90,12.66
207,Hualmay,PE,2021-02-07 16:49:55,-11.0964,-77.6139,76.73,62,100,8.01
208,Ahuimanu,US,2021-02-07 16:49:55,21.4447,-157.8378,64.0,82,1,2.15
209,Walvis Bay,NA,2021-02-07 16:49:55,-22.9575,14.5053,69.8,68,28,10.36
210,Uige,AO,2021-02-07 16:49:55,-7.6087,15.0613,72.43,91,84,3.83
211,Abernethy,GB,2021-02-07 16:49:55,56.3325,-3.3123,34.0,95,99,1.01
212,Erenhot,CN,2021-02-07 16:48:15,43.6475,111.9767,7.38,88,0,4.38
213,Eirunepe,BR,2021-02-07 16:49:55,-6.6603,-69.8736,91.13,54,72,3.6
214,Hambantota,LK,2021-02-07 16:47:50,6.1241,81.1185,78.8,89,0,8.05
215,Humaita,BR,2021-02-07 16:48:20,-7.5061,-63.0208,95.97,43,35,2.59
216,Norman Wells,CA,2021-02-07 16:49:56,65.282,-126.8329,-27.4,75,90,2.3
217,Los Llanos De Aridane,ES,2021-02-07 16:49:56,28.6585,-17.9182,66.2,63,75,8.05
218,Port Lincoln,AU,2021-02-07 16:47:55,-34.7333,135.8667,59.14,81,11,15.95
219,Potiskum,NG,2021-02-07 16:49:56,11.7091,11.0694,82.6,15,9,6.06
220,Kijang,KR,2021-02-07 16:49:56,35.2442,129.2139,44.6,45,0,9.22
221,Touros,BR,2021-02-07 16:49:56,-5.1989,-35.4608,87.8,58,40,16.11
222,Kaeo,NZ,2021-02-07 16:49:56,-35.1,173.7833,59.0,90,66,1.01
223,Katima Mulilo,NA,2021-02-07 16:49:57,-17.5,24.2667,74.8,80,83,3.71
224,Bukama,CD,2021-02-07 16:49:57,-9.2,25.85,73.49,90,100,2.13
225,Lakes Entrance,AU,2021-02-07 16:49:57,-37.8811,147.981,53.51,84,26,7.52
226,Katsuura,JP,2021-02-07 16:49:57,35.1333,140.3,46.4,49,0,18.41
227,Faanui,PF,2021-02-07 16:49:57,-16.4833,-151.75,80.91,76,2,12.75
228,Kavieng,PG,2021-02-07 16:47:37,-2.5744,150.7967,82.53,78,39,9.46
229,Chokurdakh,RU,2021-02-07 16:47:27,70.6333,147.9167,-24.79,85,64,6.29
230,Takoradi,GH,2021-02-07 16:49:57,4.8845,-1.7554,83.46,78,100,11.43
231,Nicoya,CR,2021-02-07 16:49:58,10.1483,-85.452,89.6,45,0,14.97
232,Kibondo,TZ,2021-02-07 16:49:58,-3.5864,30.7203,65.14,90,99,0.87
233,Linhai,CN,2021-02-07 16:49:58,28.85,121.1167,59.0,53,92,2.13
234,Kondagaon,IN,2021-02-07 16:49:58,19.6,81.6667,58.68,35,10,5.75
235,Christchurch,NZ,2021-02-07 16:46:49,-43.5333,172.6333,60.01,100,90,9.22
236,Aguimes,ES,2021-02-07 16:49:58,27.9054,-15.4461,66.2,63,40,18.41
237,General Pico,AR,2021-02-07 16:49:58,-35.6566,-63.7568,96.96,12,0,6.55
238,Vestmanna,FO,2021-02-07 16:49:58,62.1564,-7.1664,33.8,86,40,5.75
239,Santa Helena De Goias,BR,2021-02-07 16:49:58,-17.8136,-50.5969,79.38,67,59,7.56
240,Tessalit,ML,2021-02-07 16:49:58,20.1986,1.0114,76.8,18,98,11.32
241,Mocajuba,BR,2021-02-07 16:49:59,-2.5842,-49.5072,95.5,38,43,4.45
242,Magaria,NE,2021-02-07 16:49:59,12.9983,8.9099,80.24,15,0,6.58
243,Geraldton,AU,2021-02-07 16:49:59,-28.7667,114.6,69.8,78,75,10.36
244,Cabedelo,BR,2021-02-07 16:49:59,-6.9811,-34.8339,89.6,58,75,12.66
245,Kamenka,RU,2021-02-07 16:49:59,51.3223,42.7678,-3.98,91,61,10.63
246,Itarema,BR,2021-02-07 16:49:59,-2.9248,-39.9167,88.95,56,3,15.03
247,Hamilton,US,2021-02-07 16:47:56,39.1834,-84.5333,19.99,58,1,6.91
248,Rodino,RU,2021-02-07 16:49:59,52.5,80.25,19.65,93,99,15.05
249,Teya,RU,2021-02-07 16:49:59,60.3778,92.6267,29.25,95,94,12.46
250,Baykit,RU,2021-02-07 16:50:00,61.67,96.37,25.61,96,100,5.3
251,Bodden Town,KY,2021-02-07 16:50:00,19.2833,-81.25,84.99,65,20,12.66
252,Puerto Del Rosario,ES,2021-02-07 16:47:36,28.5004,-13.8627,66.2,55,75,13.8
253,Fortuna,US,2021-02-07 16:50:00,40.5982,-124.1573,46.0,93,90,3.96
254,Leeuwarden,NL,2021-02-07 16:50:00,53.2014,5.8086,25.0,86,90,27.63
255,Labuhan,ID,2021-02-07 16:48:21,-6.8844,112.2051,79.48,84,99,12.1
256,Ushibuka,JP,2021-02-07 16:50:00,32.1906,130.0228,55.0,59,16,12.97
257,Platteville,US,2021-02-07 16:49:17,42.7342,-90.4785,-5.8,54,1,5.75
258,Palmer,US,2021-02-07 16:50:00,42.1584,-72.3287,30.0,86,90,4.61
259,Odweyne,SO,2021-02-07 16:50:01,9.4092,45.064,67.55,60,1,12.71
260,Dalbandin,PK,2021-02-07 16:50:01,28.8947,64.4101,63.0,20,0,7.78
261,San Ramon,US,2021-02-07 16:50:01,37.7799,-121.978,52.0,81,1,3.22
262,Anito,PH,2021-02-07 16:50:01,12.4497,125.2886,78.06,88,100,13.71
263,Zelenogorskiy,RU,2021-02-07 16:50:01,55.0333,87.0,24.8,54,40,17.9
264,Ati,TD,2021-02-07 16:50:01,13.2154,18.3353,73.09,18,38,4.83
265,Lasa,IT,2021-02-07 16:50:01,46.6166,10.7002,41.0,100,90,5.75
266,Ploemeur,FR,2021-02-07 16:50:02,47.7333,-3.4333,44.01,75,90,11.5
267,Vallenar,CL,2021-02-07 16:50:02,-28.5708,-70.7581,85.66,20,0,9.33
268,Pulwama,IN,2021-02-07 16:50:04,33.874,74.8996,28.38,89,3,0.56
269,Kununurra,AU,2021-02-07 16:48:05,-15.7667,128.7333,78.8,100,100,3.44
270,Anshun,CN,2021-02-07 16:50:05,26.25,105.9333,47.95,96,100,7.27
271,Lixourion,GR,2021-02-07 16:47:44,38.2019,20.4314,62.6,82,40,12.66
272,Oriximina,BR,2021-02-07 16:50:05,-1.7656,-55.8661,90.19,50,84,2.75
273,Sorab,IN,2021-02-07 16:50:05,14.3833,75.1,70.45,34,0,7.14
274,Los Angeles,US,2021-02-07 16:49:38,34.0522,-118.2437,61.0,87,1,1.74
275,Yanam,IN,2021-02-07 16:50:06,16.7333,82.2167,77.0,65,19,4.61
276,Naryan-Mar,RU,2021-02-07 16:50:06,67.6713,53.087,-17.86,87,100,15.05
277,Pangnirtung,CA,2021-02-07 16:50:06,66.1451,-65.7125,28.27,80,0,15.14
278,Maningrida,AU,2021-02-07 16:50:06,-12.0667,134.2667,77.38,89,100,9.26
279,Northam,GB,2021-02-07 16:45:48,51.0333,-4.2167,39.0,71,14,13.0
280,Kaspiysk,RU,2021-02-07 16:50:06,42.8816,47.6392,32.0,80,90,17.9
281,San Quintin,MX,2021-02-07 16:46:08,30.4833,-115.95,63.36,55,0,7.9
282,Chuy,UY,2021-02-07 16:50:06,-33.6971,-53.4616,76.84,59,1,7.76
283,Gao,ML,2021-02-07 16:50:06,16.6362,1.637,89.31,12,96,3.83
284,Zenzeli,RU,2021-02-07 16:50:06,45.9241,47.0474,26.76,80,46,11.32
285,Drawsko Pomorskie,PL,2021-02-07 16:50:07,53.5306,15.8097,15.01,82,93,3.0
286,Poum,NC,2021-02-07 16:47:38,-20.2333,164.0167,79.43,70,96,1.34
287,Mandurah,AU,2021-02-07 16:50:07,-32.55,115.7,66.0,93,88,18.37
288,Santa Maria,BR,2021-02-07 16:50:07,-29.6842,-53.8069,84.2,51,20,6.91
289,Shwebo,MM,2021-02-07 16:50:07,22.5667,95.7,67.1,45,2,4.32
290,Lavrentiya,RU,2021-02-07 16:47:38,65.5833,-171.0,-10.77,83,0,6.53
291,Utete,TZ,2021-02-07 16:50:07,-7.986,38.758,77.14,91,94,5.12
292,Nalgonda,IN,2021-02-07 16:50:08,17.05,79.2667,70.54,35,48,7.29
293,Poronaysk,RU,2021-02-07 16:50:08,49.2167,143.1167,-2.49,87,67,5.93
294,Karpathos,GR,2021-02-07 16:48:17,35.507,27.2132,62.6,88,20,8.05
295,Dicabisagan,PH,2021-02-07 16:50:08,17.0818,122.4157,75.02,84,18,2.37
296,Santa Cruz De Tenerife,ES,2021-02-07 16:50:08,28.4682,-16.2546,63.0,88,75,10.36
297,Salinopolis,BR,2021-02-07 16:50:08,-0.6136,-47.3561,81.63,82,58,11.27
298,Tucuman,AR,2021-02-07 16:50:08,-26.8241,-65.2226,86.0,54,0,6.91
299,Zhuanghe,CN,2021-02-07 16:50:08,39.7008,122.9911,19.99,40,0,7.18
300,Coihaique,CL,2021-02-07 16:48:07,-45.5752,-72.0662,66.2,48,20,8.05
301,Ulladulla,AU,2021-02-07 16:50:08,-35.35,150.4667,66.2,72,75,11.5
302,Nerchinskiy Zavod,RU,2021-02-07 16:50:09,51.3088,119.61,-19.35,86,0,2.3
303,Gawler,AU,2021-02-07 16:50:09,-34.6,138.7333,59.0,75,0,14.0
304,Victoria,HK,2021-02-07 16:49:38,22.2855,114.1577,68.0,82,0,10.6
305,Maceio,BR,2021-02-07 16:46:22,-9.6658,-35.7353,87.8,58,40,13.8
306,Soyo,AO,2021-02-07 16:50:09,-6.1349,12.3689,81.48,81,100,9.51
307,San Jose,US,2021-02-07 16:46:53,37.3394,-121.895,52.0,75,20,3.44
308,Imbituba,BR,2021-02-07 16:50:09,-28.24,-48.6703,84.2,39,0,13.8
309,Samarinda,ID,2021-02-07 16:50:09,-0.5,117.15,75.11,94,100,0.94
310,Shenjiamen,CN,2021-02-07 16:50:10,29.9576,122.298,51.85,73,100,12.66
311,Souillac,MU,2021-02-07 16:50:10,-20.5167,57.5167,80.6,78,20,10.36
312,Cidreira,BR,2021-02-07 16:47:34,-30.1811,-50.2056,77.05,64,40,11.81
313,Clyde River,CA,2021-02-07 16:50:10,70.4692,-68.5914,-4.0,84,1,6.91
314,Kirakira,SB,2021-02-07 16:47:30,-10.4544,161.9205,78.89,81,56,7.0
315,Carballo,ES,2021-02-07 16:50:10,43.213,-8.691,50.0,87,100,7.0
316,Himensulan,PH,2021-02-07 16:50:10,10.5967,124.2821,78.8,89,90,5.75
317,Ugoofaaru,MV,2021-02-07 16:50:10,5.6667,73.0,81.77,75,48,11.45
318,Camacha,PT,2021-02-07 16:50:10,33.0833,-16.3333,60.8,88,40,14.97
319,Vagur,FO,2021-02-07 16:50:10,61.4732,-6.8119,37.02,77,95,17.31
320,Ketchikan,US,2021-02-07 16:50:11,55.3422,-131.6461,28.4,74,1,11.5
321,Wewak,PG,2021-02-07 16:50:11,-3.5534,143.6268,79.3,79,98,5.64
322,Irbil,IQ,2021-02-07 16:48:52,36.1926,44.0106,53.6,66,0,4.61
323,La Union,PE,2021-02-07 16:50:11,-5.4,-80.75,88.03,42,5,8.39
324,Salalah,OM,2021-02-07 16:48:17,17.0151,54.0924,75.2,69,75,3.44
325,Antalaha,MG,2021-02-07 16:50:11,-14.9003,50.2788,78.94,81,79,3.62
326,Palana,RU,2021-02-07 16:50:11,59.1167,159.9667,16.74,91,100,31.36
327,Kutum,SD,2021-02-07 16:50:11,14.2,24.6667,63.81,25,11,10.18
328,Talnakh,RU,2021-02-07 16:50:11,69.4865,88.3972,-23.26,72,0,3.44
329,Stanisic,RS,2021-02-07 16:50:12,45.94,19.1653,53.6,82,20,10.36
330,Longyearbyen,SJ,2021-02-07 16:50:12,78.2186,15.6401,17.6,67,75,19.57
331,Norrtalje,SE,2021-02-07 16:50:12,59.758,18.705,28.99,88,100,4.0
332,Mayo,US,2021-02-07 16:50:12,38.8876,-76.5119,35.01,95,90,9.22
333,Aras,ES,2021-02-07 16:50:12,42.5617,-2.356,50.0,57,90,10.36
334,Ancud,CL,2021-02-07 16:50:12,-41.8697,-73.8203,78.8,36,0,4.61
335,Nome,US,2021-02-07 16:47:45,64.5011,-165.4064,-0.4,92,40,3.78
336,Aklavik,CA,2021-02-07 16:50:13,68.2191,-135.0107,-11.2,70,90,13.8
337,Nantucket,US,2021-02-07 16:50:13,41.2835,-70.0995,37.4,93,90,18.41
338,Caravelas,BR,2021-02-07 16:50:13,-17.7125,-39.2481,82.51,81,79,8.75
339,Roma,US,2021-02-07 16:50:13,43.2128,-75.4557,28.99,54,90,5.06
340,College,US,2021-02-07 16:47:41,64.8569,-147.8028,-13.0,69,75,2.26
341,Santiago Del Estero,AR,2021-02-07 16:47:37,-27.7951,-64.2615,93.99,39,0,5.01
342,Zhukovka,RU,2021-02-07 16:50:13,53.534,33.728,1.9,93,10,7.43
343,Santiago De Cao,PE,2021-02-07 16:50:13,-7.9589,-79.2392,71.6,83,0,10.36
344,Locri,IT,2021-02-07 16:50:13,38.2414,16.2623,59.0,94,90,5.75
345,Sidi Ali,DZ,2021-02-07 16:50:14,36.0998,0.4206,53.58,80,66,25.55
346,Sihora,IN,2021-02-07 16:50:14,23.4833,80.1167,55.17,37,0,2.82
347,Peace River,CA,2021-02-07 16:50:14,56.2501,-117.286,-32.01,67,90,5.75
348,Susanville,US,2021-02-07 16:50:14,40.4163,-120.653,30.2,69,1,3.06
349,Along,IN,2021-02-07 16:50:14,28.1667,94.7667,53.15,57,0,2.13
350,Andros Town,BS,2021-02-07 16:50:14,24.7,-77.7667,78.8,83,75,16.11
351,Pasni,PK,2021-02-07 16:50:14,25.2631,63.471,68.79,54,0,6.38
352,Yerbogachen,RU,2021-02-07 16:50:15,61.2767,108.0108,16.97,97,100,6.04
353,Tual,ID,2021-02-07 16:50:15,-5.6667,132.75,83.7,78,100,18.28
354,Lompoc,US,2021-02-07 16:47:28,34.6391,-120.4579,57.99,93,1,3.44
355,Tucupita,VE,2021-02-07 16:50:15,9.0622,-62.051,82.08,71,95,5.68
356,Tilichiki,RU,2021-02-07 16:50:15,60.4667,166.1,9.09,96,100,14.76
357,Dubbo,AU,2021-02-07 16:50:15,-32.25,148.6167,66.2,77,77,10.36
358,San Isidro,PE,2021-02-07 16:50:15,-12.1167,-77.05,77.0,73,75,9.22
359,Berwick,US,2021-02-07 16:50:15,41.0545,-76.2333,33.01,90,100,1.86
360,Ghosi,IN,2021-02-07 16:50:15,26.1083,83.5436,54.86,58,0,3.36
361,Mareeba,AU,2021-02-07 16:50:16,-17.0,145.4333,80.6,94,75,2.3
362,Sechura,PE,2021-02-07 16:50:16,-5.5569,-80.8222,83.43,51,7,7.63
363,Poya,NC,2021-02-07 16:50:16,-21.35,165.15,74.46,80,100,3.04
364,Guerrero Negro,MX,2021-02-07 16:45:36,27.9769,-114.0611,68.04,29,0,3.69
365,Svetlyy,RU,2021-02-07 16:50:16,54.675,20.1347,8.6,78,0,8.95
366,Chicama,PE,2021-02-07 16:50:16,-7.8447,-79.1469,71.6,83,0,10.36
367,Karratha,AU,2021-02-07 16:50:16,-20.7377,116.8463,78.96,69,16,10.65
368,Jacmel,HT,2021-02-07 16:50:16,18.2342,-72.5347,87.8,42,20,13.8
369,Makakilo City,US,2021-02-07 16:50:16,21.3469,-158.0858,62.6,77,75,4.61
370,Conde,BR,2021-02-07 16:50:17,-7.2597,-34.9075,89.6,58,75,12.66
371,Kaduqli,SD,2021-02-07 16:50:17,11.0167,29.7167,74.43,18,30,7.54
372,Tabou,CI,2021-02-07 16:50:17,4.423,-7.3528,82.92,77,81,9.28
373,Cascas,PE,2021-02-07 16:50:17,-7.4833,-78.8167,68.0,56,75,8.05
374,Jambi,ID,2021-02-07 16:50:17,-1.6,103.6167,74.91,93,100,2.8
375,Toamasina,MG,2021-02-07 16:50:17,-18.1667,49.3833,80.64,79,82,10.36
376,Catuday,PH,2021-02-07 16:50:17,16.2923,119.8062,77.58,78,30,8.97
377,Gat,IL,2021-02-07 16:48:19,31.61,34.7642,62.01,100,0,5.01
378,Tyrma,RU,2021-02-07 16:50:17,50.0833,132.1667,-16.06,87,34,3.06
379,Inhambane,MZ,2021-02-07 16:50:18,-23.865,35.3833,84.2,70,20,6.91
380,Meulaboh,ID,2021-02-07 16:50:18,4.1363,96.1285,78.55,82,28,3.91
381,Seoul,KR,2021-02-07 16:50:12,37.5683,126.9778,30.2,58,0,6.91
382,Byron Bay,AU,2021-02-07 16:50:18,-28.65,153.6167,75.2,78,90,8.05
383,Olkhovka,RU,2021-02-07 16:50:18,53.2115,60.6069,1.8,90,37,12.95
384,Ada,US,2021-02-07 16:50:18,43.4166,-116.1262,39.0,64,1,5.75
385,Kahului,US,2021-02-07 16:50:18,20.8947,-156.47,64.0,77,20,4.61
386,Sola,VU,2021-02-07 16:50:18,-13.8833,167.55,81.41,74,33,12.82
387,Thongwa,MM,2021-02-07 16:50:19,16.7619,96.5278,78.8,78,40,4.61
388,Graham,US,2021-02-07 16:50:19,47.0529,-122.2943,41.0,93,75,5.75
389,Mehamn,NO,2021-02-07 16:50:19,71.0357,27.8492,23.0,86,90,31.07
390,Armacao De Pera,PT,2021-02-07 16:50:19,37.1026,-8.357,57.2,82,75,17.27
391,Scottsboro,US,2021-02-07 16:50:19,34.6723,-86.0341,41.0,87,90,9.22
392,Sur,OM,2021-02-07 16:50:19,22.5667,59.5289,66.02,72,0,5.19
393,Omboue,GA,2021-02-07 16:50:19,-1.5746,9.2618,80.35,83,99,6.6
394,Tim,RU,2021-02-07 16:50:19,51.6222,37.1244,5.0,66,0,8.95
395,Mandiana,GN,2021-02-07 16:50:20,10.6333,-8.6833,98.22,11,82,7.27
396,Wenling,CN,2021-02-07 16:50:20,28.3669,121.36,62.01,76,61,4.38
397,Urusha,RU,2021-02-07 16:50:20,54.05,122.9,-17.97,84,0,2.46
398,Saint-Francois,FR,2021-02-07 16:50:20,46.4154,3.9054,41.0,81,90,13.8
399,Tirumullaivasal,IN,2021-02-07 16:50:20,11.2333,79.8333,75.94,71,35,13.67
400,Tepalcatepec,MX,2021-02-07 16:50:20,19.1833,-102.85,84.87,36,0,2.24
401,Atar,MR,2021-02-07 16:46:18,20.5169,-13.0499,75.6,19,0,16.58
402,Haines Junction,CA,2021-02-07 16:50:20,60.7522,-137.5108,-29.2,68,71,2.01
403,Penhold,CA,2021-02-07 16:50:20,52.1334,-113.8687,-22.0,67,1,2.3
404,Salamanca,ES,2021-02-07 16:50:21,40.8333,-6.0,42.01,62,100,1.99
405,Wuwei,CN,2021-02-07 16:50:21,37.9281,102.6414,29.93,73,56,4.92
406,Nizhneudinsk,RU,2021-02-07 16:50:21,54.9076,99.0276,22.3,91,100,4.07
407,Kimbe,PG,2021-02-07 16:50:21,-5.5502,150.1429,76.8,86,39,3.0
408,Ambilobe,MG,2021-02-07 16:50:21,-13.2,49.05,76.06,90,100,2.17
409,Mackay,AU,2021-02-07 16:50:21,-21.15,149.2,80.6,89,40,5.75
410,Moranbah,AU,2021-02-07 16:50:21,-22.0016,148.0466,77.86,81,75,9.64
411,Warri,NG,2021-02-07 16:50:21,5.5167,5.75,87.26,64,100,11.1
412,Kamaishi,JP,2021-02-07 16:50:21,39.2667,141.8833,27.5,87,1,14.7
413,Lagoa,PT,2021-02-07 16:48:11,39.05,-27.9833,57.99,75,100,20.6
414,Sulina,RO,2021-02-07 16:50:22,45.1559,29.6536,41.04,83,100,16.2
415,Hukuntsi,BW,2021-02-07 16:50:22,-24.0,21.75,77.18,61,15,10.83
416,Sisimiut,GL,2021-02-07 16:50:22,66.9395,-53.6735,27.28,79,0,20.4
417,Palu,ID,2021-02-07 16:49:53,-0.8917,119.8707,76.23,81,96,1.41
418,Acapulco,MX,2021-02-07 16:46:22,16.8634,-99.8901,80.6,65,75,5.75
419,Port Blair,IN,2021-02-07 16:50:22,11.6667,92.75,78.98,78,0,8.81
420,Grindavik,IS,2021-02-07 16:50:22,63.8424,-22.4338,35.6,60,20,16.11
421,Beaverlodge,CA,2021-02-07 16:50:22,55.2166,-119.4361,-47.2,66,1,4.61
422,Khor,RU,2021-02-07 16:50:23,47.8861,134.9464,-13.2,90,97,7.47
423,Heidenheim,DE,2021-02-07 16:50:23,48.678,10.1516,37.99,92,100,8.01
424,Yenagoa,NG,2021-02-07 16:49:14,4.9247,6.2642,87.4,62,97,11.07
425,Luganville,VU,2021-02-07 16:50:23,-15.5333,167.1667,77.58,72,24,7.23
426,Tabuk,PH,2021-02-07 16:50:23,17.4189,121.4443,70.66,91,74,1.92
427,Lanzhou,CN,2021-02-07 16:50:23,36.0564,103.7922,33.01,40,8,0.96
428,Broome,US,2021-02-07 16:50:23,42.2506,-75.833,34.0,86,90,8.05
429,Antofagasta,CL,2021-02-07 16:50:16,-23.65,-70.4,75.0,53,0,11.5
430,Trofors,NO,2021-02-07 16:50:23,65.5333,13.4063,6.8,85,75,4.61
431,Vung Tau,VN,2021-02-07 16:50:23,10.346,107.0843,75.81,83,61,14.41
432,Quatre Cocos,MU,2021-02-07 16:50:23,-20.2078,57.7625,81.0,78,20,10.36
433,Chikwawa,MW,2021-02-07 16:50:24,-16.0335,34.8009,82.2,69,83,3.65
434,Tayu,ID,2021-02-07 16:50:24,-6.5397,111.0518,78.51,84,100,11.34
435,Suntar,RU,2021-02-07 16:50:24,62.1444,117.6319,0.09,92,100,9.71
436,Agua Prieta,MX,2021-02-07 16:47:09,31.3,-109.5667,60.01,21,0,4.0
437,Fare,PF,2021-02-07 16:50:24,-16.7,-151.0167,81.09,74,47,11.86
438,Itoman,JP,2021-02-07 16:50:24,26.1247,127.6694,62.6,72,20,5.75
439,The Valley,AI,2021-02-07 16:49:36,18.217,-63.0578,82.4,61,20,17.27
440,Hammerfest,NO,2021-02-07 16:50:24,70.6634,23.6821,24.8,80,90,29.93
441,Buzuluk,RU,2021-02-07 16:50:24,52.7807,52.2635,-6.68,89,99,10.87
442,Roebourne,AU,2021-02-07 16:50:25,-20.7833,117.1333,78.89,68,3,11.43
443,Mikhaylov,RU,2021-02-07 16:50:25,54.2292,39.0186,3.04,93,97,13.67
444,Mavrovi Anovi,MK,2021-02-07 16:50:25,41.7025,20.7564,53.6,54,40,16.11
445,Plouzane,FR,2021-02-07 16:50:25,48.3833,-4.6167,42.8,81,75,14.97
446,Xinyu,CN,2021-02-07 16:50:25,27.8043,114.9334,58.01,64,87,9.44
447,Pevek,RU,2021-02-07 16:50:25,69.7008,170.3133,-6.72,87,0,1.86
448,Forrest City,US,2021-02-07 16:50:25,35.0081,-90.7898,33.01,86,90,8.05
449,Motala,SE,2021-02-07 16:50:25,58.5371,15.0365,23.0,74,9,8.05
450,Whitehorse,CA,2021-02-07 16:50:26,60.7161,-135.0538,-11.2,77,90,3.44
451,Zheleznodorozhnyy,RU,2021-02-07 16:46:10,55.7503,38.0042,12.2,79,75,8.95
452,Riyadh,SA,2021-02-07 16:50:26,24.6877,46.7219,64.4,42,0,13.8
453,Baltasi,RU,2021-02-07 16:50:26,56.3462,50.2062,-4.61,90,100,14.34
454,Kryve Ozero,UA,2021-02-07 16:50:26,47.9524,30.3493,16.79,96,100,14.41
455,Miri,MY,2021-02-07 16:50:26,4.4148,114.0089,78.8,94,40,3.44
456,Viedma,AR,2021-02-07 16:48:21,-40.8135,-62.9967,64.0,60,52,1.01
457,Sao Filipe,CV,2021-02-07 16:50:26,14.8961,-24.4956,71.04,69,74,8.81
458,Sabang,ID,2021-02-07 16:50:26,5.8933,95.3214,81.59,80,37,12.93
459,Trelew,AR,2021-02-07 16:48:03,-43.249,-65.3051,64.06,43,67,14.47
460,Nanortalik,GL,2021-02-07 16:50:27,60.1432,-45.2371,33.67,84,100,17.9
461,Parati,BR,2021-02-07 16:48:15,-23.2178,-44.7131,80.6,54,40,4.61
462,Laguna,US,2021-02-07 16:45:35,38.421,-121.4238,46.99,93,1,4.52
463,Half Moon Bay,US,2021-02-07 16:47:28,37.4636,-122.4286,51.01,100,40,3.96
464,Cap Malheureux,MU,2021-02-07 16:50:27,-19.9842,57.6142,81.0,76,73,5.01
465,Gornopravdinsk,RU,2021-02-07 16:50:27,60.05,69.9,0.93,90,100,13.85
466,Mount Isa,AU,2021-02-07 16:50:27,-20.7333,139.5,78.8,94,100,6.91
467,Bell Ville,AR,2021-02-07 16:50:27,-32.6259,-62.6887,93.4,17,0,6.53
468,Powell,US,2021-02-07 16:50:28,40.1578,-83.0752,19.0,62,20,11.5
469,Lobito,AO,2021-02-07 16:50:28,-12.3481,13.5456,78.21,72,100,5.21
470,Adwa,ET,2021-02-07 16:50:28,14.1646,38.8955,58.95,30,8,8.95
471,Chingola,ZM,2021-02-07 16:50:28,-12.529,27.8838,67.82,94,100,3.09
472,Liuzhou,CN,2021-02-07 16:50:28,24.3126,109.3892,72.5,47,39,2.66
473,Olinda,BR,2021-02-07 16:50:28,-8.0089,-34.8553,84.2,61,40,9.22
474,Hoquiam,US,2021-02-07 16:50:28,46.9809,-123.8893,44.6,70,75,16.11
475,Jatibonico,CU,2021-02-07 16:50:28,21.9419,-79.17,84.13,60,40,10.13
476,Bibiani,GH,2021-02-07 16:50:28,6.4635,-2.3194,89.6,48,87,4.41
477,Bathsheba,BB,2021-02-07 16:50:29,13.2167,-59.5167,84.2,58,40,23.02
478,Great Bend,US,2021-02-07 16:50:29,38.3645,-98.7648,12.2,85,90,8.05
479,Arlit,NE,2021-02-07 16:50:29,18.7369,7.3853,80.2,12,94,5.44
480,Shihezi,CN,2021-02-07 16:50:29,44.3,86.0333,20.62,95,100,4.32
481,Luba,GQ,2021-02-07 16:50:29,3.4568,8.5547,87.8,66,20,6.91
482,Bela,IN,2021-02-07 16:50:29,25.9333,81.9833,56.03,49,0,4.61
483,Tateyama,JP,2021-02-07 16:50:29,34.9833,139.8667,45.0,48,52,5.99
484,Estremoz,PT,2021-02-07 16:50:29,38.8443,-7.5859,53.6,71,75,9.22
485,Flinders,AU,2021-02-07 16:50:29,-34.5833,150.8552,66.0,80,79,1.99
486,Gillette,US,2021-02-07 16:48:35,44.2911,-105.5022,0.0,78,90,20.71
487,Varia,FR,2021-02-07 16:50:30,44.5725,-0.1104,46.0,93,99,3.0
488,Fort Nelson,CA,2021-02-07 16:50:30,58.8053,-122.7002,-34.6,67,40,4.61
489,Cody,US,2021-02-07 16:50:30,44.5263,-109.0565,-2.0,77,90,14.97
490,Mao,ES,2021-02-07 16:50:30,39.8885,4.2658,50.0,87,75,5.75
491,Belyy Yar,RU,2021-02-07 16:50:30,53.6039,91.3903,14.0,92,89,2.24
492,Beroroha,MG,2021-02-07 16:50:30,-21.6667,45.1667,78.31,84,80,2.59
493,New Castle,US,2021-02-07 16:50:30,41.0037,-80.347,24.01,73,90,11.5
494,Comodoro Rivadavia,AR,2021-02-07 16:46:05,-45.8667,-67.5,62.6,59,20,11.5
495,Mastic Beach,US,2021-02-07 16:50:31,40.7668,-72.8521,33.8,86,90,5.75
496,Pritzwalk,DE,2021-02-07 16:50:31,53.1494,12.1741,24.01,47,100,3.0
497,Berlevag,NO,2021-02-07 16:50:31,70.8578,29.0864,23.0,68,75,23.02
498,San Andres,CO,2021-02-07 16:48:08,12.5847,-81.7006,84.2,65,20,16.11
499,Porto Novo,BJ,2021-02-07 16:50:31,6.4965,2.6036,89.6,70,20,14.97
500,Grand Bank,CA,2021-02-07 16:50:31,47.0999,-55.765,33.8,55,40,35.68
501,Ust-Kuyga,RU,2021-02-07 16:50:31,70.0167,135.6,-29.36,82,0,1.45
502,Itaituba,BR,2021-02-07 16:50:31,-4.2761,-55.9836,91.4,58,40,4.61
503,Vanderhoof,CA,2021-02-07 16:50:31,54.0166,-124.0198,-6.77,88,100,2.51
504,Yokadouma,CM,2021-02-07 16:50:32,3.5167,15.05,86.38,25,9,2.26
505,Deputatskiy,RU,2021-02-07 16:50:32,69.3,139.9,-30.08,86,0,1.57
506,Savonlinna,FI,2021-02-07 16:50:32,61.8699,28.88,14.0,85,0,8.05
507,Itinga,BR,2021-02-07 16:50:32,-16.6131,-41.7653,76.91,79,100,2.06
508,Kalianget,ID,2021-02-07 16:50:32,-7.05,113.9333,80.2,80,98,15.97
509,Olafsvik,IS,2021-02-07 16:47:23,64.8945,-23.7142,34.0,84,0,14.56
510,Sakakah,SA,2021-02-07 16:50:32,29.9697,40.2064,60.8,36,0,3.42
511,Smyrna,US,2021-02-07 16:50:32,33.884,-84.5144,44.01,87,75,10.36
512,Pangkalanbuun,ID,2021-02-07 16:50:32,-2.6833,111.6167,74.8,96,93,2.98
513,Bouna,CI,2021-02-07 16:50:33,9.2667,-3.0,100.98,14,22,3.71
514,Torres,BR,2021-02-07 16:48:44,-29.3353,-49.7269,77.81,68,0,14.12
515,Athabasca,CA,2021-02-07 16:50:33,54.7169,-113.2854,-43.6,59,0,2.55
516,Aykhal,RU,2021-02-07 16:50:33,66.0,111.5,-24.63,83,100,5.32
517,Lahti,RU,2021-02-07 16:50:33,59.9911,30.1597,15.8,92,75,11.18
518,Yichang,CN,2021-02-07 16:50:33,30.7144,111.2847,48.99,72,100,1.95
519,Kitimat,CA,2021-02-07 16:50:33,54.0524,-128.6534,26.01,82,99,4.16
520,Ambanja,MG,2021-02-07 16:50:33,-13.6833,48.45,76.44,87,94,3.0
521,Terney,RU,2021-02-07 16:50:33,45.0503,136.6092,-2.97,86,0,14.72
522,Cavalcante,BR,2021-02-07 16:50:33,-13.7975,-47.4583,67.98,94,100,4.25
523,Blagoyevo,RU,2021-02-07 16:50:33,63.3667,47.9167,-20.15,85,100,9.93
524,Kampong Thum,KH,2021-02-07 16:50:34,12.7111,104.8887,81.68,53,69,5.48
525,Cairns,AU,2021-02-07 16:50:34,-16.9167,145.7667,80.6,94,75,2.3
526,Praia Da Vitoria,PT,2021-02-07 16:50:34,38.7333,-27.0667,62.01,77,75,17.54
527,Sungairaya,ID,2021-02-07 16:50:34,0.7,108.9,76.17,89,100,7.54
528,Springfield,US,2021-02-07 16:50:34,37.2153,-93.2982,19.99,79,90,10.36
529,Payo,ID,2021-02-07 16:50:34,-3.7508,103.6372,73.04,95,100,2.3
530,Vardo,NO,2021-02-07 16:50:34,70.3705,31.1107,24.8,74,75,28.77
531,Las Vegas,US,2021-02-07 16:47:29,36.175,-115.1372,57.0,31,1,3.44
532,Alekseyevsk,RU,2021-02-07 16:50:35,57.8406,108.3492,21.7,96,100,11.88
533,Olavarria,AR,2021-02-07 16:49:38,-36.8927,-60.3225,83.79,35,0,8.9
534,Taos,US,2021-02-07 16:47:36,36.4072,-105.5731,39.0,48,1,4.61
535,Tongren,CN,2021-02-07 16:50:35,27.7172,109.1853,50.09,81,100,9.1
536,Tunoshna,RU,2021-02-07 16:50:35,57.5459,40.1254,-0.4,60,0,8.95
537,Yichun,CN,2021-02-07 16:50:35,47.7,128.9,-18.09,88,3,2.77
538,San Buenaventura,MX,2021-02-07 16:50:35,27.0833,-101.5333,63.52,27,0,3.36
539,Husavik,IS,2021-02-07 16:47:29,66.0449,-17.3389,33.8,69,75,4.61
540,Mildura,AU,2021-02-07 16:50:35,-34.2,142.15,62.6,51,1,8.05
541,Asfi,MA,2021-02-07 16:49:24,32.2994,-9.2372,59.59,64,29,5.75
542,Olbia,IT,2021-02-07 16:49:25,40.9214,9.4856,53.6,94,75,4.61
543,Mamlyutka,KZ,2021-02-07 16:50:36,54.9375,68.5394,5.77,92,100,16.73
544,Schneverdingen,DE,2021-02-07 16:50:36,53.1167,9.8,21.2,86,100,19.57
545,Peleduy,RU,2021-02-07 16:50:36,59.6289,112.7406,12.25,94,100,10.56
546,Tunceli,TR,2021-02-07 16:49:31,39.1083,39.5471,44.6,65,0,2.3
547,Rodrigues Alves,BR,2021-02-07 16:50:36,-7.738,-72.6509,86.0,74,75,4.61
548,Sao Miguel Do Araguaia,BR,2021-02-07 16:50:36,-13.275,-50.1628,70.68,96,100,9.91
549,Codrington,AU,2021-02-07 16:50:36,-38.2667,141.9667,56.3,68,88,11.18
550,Lahat,ID,2021-02-07 16:50:37,-3.8,103.5333,73.08,92,100,2.3
551,Belmonte,BR,2021-02-07 16:50:37,-15.8631,-38.8828,86.0,79,75,14.97
552,Lorengau,PG,2021-02-07 16:50:37,-2.0226,147.2712,81.68,80,97,8.23
553,Lichuan,CN,2021-02-07 16:50:37,30.3,108.85,42.69,91,100,2.37
554,Surt,LY,2021-02-07 16:50:37,31.2089,16.5887,73.24,26,100,17.31
555,Asau,RO,2021-02-07 16:50:37,46.4333,26.4,28.99,74,100,2.73
556,Porto Nacional,BR,2021-02-07 16:50:37,-10.7081,-48.4172,77.0,83,75,4.61
557,Lac Du Bonnet,CA,2021-02-07 16:50:37,50.2536,-96.0612,-20.0,100,53,7.0
558,Taltal,CL,2021-02-07 16:50:38,-25.4,-70.4833,69.4,63,30,7.11
559,Barbacoas,CO,2021-02-07 16:50:38,1.6715,-78.1398,83.82,76,88,4.94
560,Panguna,PG,2021-02-07 16:50:38,-6.3164,155.4848,69.64,96,100,0.13
561,Winnemucca,US,2021-02-07 16:50:38,40.973,-117.7357,30.2,64,1,6.91
562,Iquique,CL,2021-02-07 16:50:38,-20.2208,-70.1431,77.0,47,0,13.8
563,Kirkland Lake,CA,2021-02-07 16:50:38,48.1446,-80.0377,6.8,72,62,4.65
564,Berdigestyakh,RU,2021-02-07 16:50:38,62.0989,126.6992,-30.12,83,6,5.73
565,Lufkin,US,2021-02-07 16:50:38,31.3382,-94.7291,52.0,71,20,6.91
566,Tancheng,CN,2021-02-07 16:50:38,27.4375,115.4976,57.34,67,31,6.85
567,Leninsk,RU,2021-02-07 16:50:39,48.7119,45.1994,10.4,67,0,15.66
568,Bekhteyevka,RU,2021-02-07 16:50:39,50.8072,37.2085,6.8,72,0,8.95
569,Manicore,BR,2021-02-07 16:50:39,-5.8092,-61.3003,85.87,80,79,3.09
570,Farmington,US,2021-02-07 16:47:50,36.7281,-108.2187,35.01,63,1,11.5
571,Houma,US,2021-02-07 16:50:39,29.5958,-90.7195,54.0,71,90,16.11
572,Chernyshevskiy,RU,2021-02-07 16:50:39,63.0128,112.4714,1.31,95,100,4.43
573,Buala,SB,2021-02-07 16:47:27,-8.145,159.5921,79.45,82,89,5.57
574,Ishigaki,JP,2021-02-07 16:50:39,24.3448,124.1572,70.16,75,94,13.82
575,Acaponeta,MX,2021-02-07 16:50:40,22.4964,-105.3594,81.23,32,42,3.06
576,Brae,GB,2021-02-07 16:47:29,60.3964,-1.353,33.8,55,75,8.05
577,Bagan,RU,2021-02-07 16:50:40,54.1001,77.6646,12.42,93,88,16.6
578,Cristobal Obregon,MX,2021-02-07 16:50:40,16.35,-93.5333,75.2,53,1,6.42
579,Peniche,PT,2021-02-07 16:50:40,39.3558,-9.3811,55.0,90,100,18.01
580,Rio Grande,BR,2021-02-07 16:50:10,-32.035,-52.0986,80.6,57,40,6.91
581,Kholodnyy,RU,2021-02-07 16:50:40,62.7167,147.95,-1.01,89,100,7.31
582,Chandler,US,2021-02-07 16:47:20,33.3062,-111.8412,51.8,53,1,3.44
583,Vangaindrano,MG,2021-02-07 16:50:40,-23.35,47.6,79.0,89,100,11.03
584,Calbuco,CL,2021-02-07 16:50:41,-41.768,-73.1273,75.2,50,0,4.61
585,Laval,CA,2021-02-07 16:50:23,45.57,-73.692,25.0,58,100,3.44
586,Yicheng,CN,2021-02-07 16:50:21,31.3705,119.8703,39.99,99,97,13.0
587,Shaygino,RU,2021-02-07 16:50:41,57.7675,46.8618,-13.25,87,100,9.8
588,Visnes,NO,2021-02-07 16:50:41,59.3556,5.2242,26.01,50,0,4.61
589,Gobabis,NA,2021-02-07 16:50:41,-22.45,18.9667,81.52,39,53,16.17
590,Okhotsk,RU,2021-02-07 16:50:41,59.3833,143.3,13.64,88,100,21.94
591,Bandarbeyla,SO,2021-02-07 16:48:18,9.4942,50.8122,76.59,77,0,16.75
592,Taboga,IT,2021-02-07 16:50:41,46.2663,13.1092,53.01,97,100,1.99
593,Paragominas,BR,2021-02-07 16:48:10,-2.9667,-47.4833,89.98,52,30,2.73
594,Korla,CN,2021-02-07 16:50:11,41.7597,86.1469,32.43,78,80,4.81
595,Mouila,GA,2021-02-07 16:50:42,-1.8685,11.0559,79.41,88,100,1.32
596,Talara,PE,2021-02-07 16:50:42,-4.5772,-81.2719,87.8,51,0,13.8
597,Beatrice,US,2021-02-07 16:50:42,40.2681,-96.747,3.2,78,90,10.36
598,Zhigansk,RU,2021-02-07 16:50:42,66.7697,123.3711,-29.7,81,91,12.37
599,Howard Springs,AU,2021-02-07 16:50:42,-12.497,131.047,82.4,89,40,11.5
600,Tingi,TZ,2021-02-07 16:50:42,-11.3,35.0333,67.39,96,89,2.59
601,Sterling,US,2021-02-07 16:50:42,39.0062,-77.4286,35.01,93,90,6.91
602,Portland,US,2021-02-07 16:50:43,45.5234,-122.6762,42.8,87,90,4.61
603,Quelimane,MZ,2021-02-07 16:50:43,-17.8786,36.8883,86.0,74,75,9.22
604,Udachnyy,RU,2021-02-07 16:50:43,66.4167,112.4,-24.79,84,100,7.83
605,Glasgow,GB,2021-02-07 16:46:26,55.8652,-4.2576,34.0,75,75,14.97
606,Diamantino,BR,2021-02-07 16:47:51,-14.4086,-56.4461,87.49,47,40,4.72
607,Landsberg,PL,2021-02-07 16:49:50,52.7368,15.2288,21.99,51,99,20.58
608,Shitanjing,CN,2021-02-07 16:50:43,39.2342,106.3439,28.92,78,86,6.4
609,Itape,PY,2021-02-07 16:50:43,-25.85,-56.6167,86.54,46,0,0.81
610,Saint George,US,2021-02-07 16:50:43,37.1041,-113.5841,33.8,51,1,1.03
611,Nakhon Phanom,TH,2021-02-07 16:50:44,17.3333,104.4167,68.97,79,0,6.53
612,Berlin,DE,2021-02-07 16:50:10,52.5244,13.4105,23.0,68,40,24.16
613,Qaqortoq,GL,2021-02-07 16:50:44,60.7167,-46.0333,39.2,33,20,49.48
614,George,ZA,2021-02-07 16:48:27,-33.963,22.4617,66.2,77,90,5.75
615,Maracaju,BR,2021-02-07 16:50:44,-21.6144,-55.1683,82.29,45,0,3.06
616,Huarmey,PE,2021-02-07 16:50:44,-10.0681,-78.1522,76.71,61,78,9.73
617,Grants Pass,US,2021-02-07 16:49:14,42.439,-123.3284,35.6,93,90,1.36
618,Marshall,US,2021-02-07 16:50:44,34.3834,-86.3333,41.0,87,90,8.05
619,Antanifotsy,MG,2021-02-07 16:50:44,-19.65,47.3167,61.25,88,100,3.53
620,Goure,NE,2021-02-07 16:50:44,13.9835,10.2704,82.0,9,2,7.0
621,Sorong,ID,2021-02-07 16:50:45,-0.8833,131.25,79.3,86,100,5.57
622,Mega,ET,2021-02-07 16:50:45,4.05,38.3,69.98,44,96,2.42
623,Yabrud,SY,2021-02-07 16:50:45,33.9674,36.6574,55.4,76,0,11.5
624,Sovetskaya Gavan,RU,2021-02-07 16:50:45,48.9723,140.2878,-1.16,81,32,12.1
625,Inirida,CO,2021-02-07 16:50:45,3.8653,-67.9239,84.02,81,80,2.55
626,Bichura,RU,2021-02-07 16:50:45,50.5881,107.6022,4.53,87,92,2.28
627,Myitkyina,MM,2021-02-07 16:50:45,25.3833,97.4,59.49,56,0,2.3
628,Port Augusta,AU,2021-02-07 16:50:45,-32.5,137.7667,64.4,72,0,11.5
629,Adrar,MR,2021-02-07 16:50:45,20.5022,-10.0711,71.78,21,0,15.66
630,Chipinge,ZW,2021-02-07 16:50:46,-20.1883,32.6236,66.96,99,50,4.0
631,Patacamaya,BO,2021-02-07 16:50:46,-17.2333,-67.9167,60.66,42,100,6.93
632,Tymovskoye,RU,2021-02-07 16:50:46,50.8456,142.655,3.49,92,100,10.09
633,Araouane,ML,2021-02-07 16:50:46,18.9048,-3.5265,76.8,17,93,13.44
634,Fremont,US,2021-02-07 16:50:46,37.5483,-121.9886,51.01,81,1,1.23
635,Kemise,ET,2021-02-07 16:50:47,10.7167,39.8667,63.05,70,82,3.29
636,Oyama,JP,2021-02-07 16:48:07,36.3,139.8,48.99,56,20,3.44
637,Sobolevo,RU,2021-02-07 16:50:47,54.4299,31.8996,0.46,93,25,8.19
638,Kaduy,RU,2021-02-07 16:50:47,59.2,37.15,-9.4,77,0,5.86
639,Presidencia Roque Saenz Pena,AR,2021-02-07 16:50:47,-26.7852,-60.4388,88.0,38,0,1.99
640,Kondinskoye,RU,2021-02-07 16:50:48,59.6481,67.41,-2.67,91,100,15.79
641,La Ronge,CA,2021-02-07 16:50:48,55.1001,-105.2842,-40.0,67,9,6.91
642,Eenhana,NA,2021-02-07 16:50:48,-17.4667,16.3333,96.8,23,90,8.05
643,Bambanglipuro,ID,2021-02-07 16:47:29,-7.95,110.2833,76.33,91,100,5.08
644,Lodja,CD,2021-02-07 16:50:49,-3.4833,23.4333,78.98,63,50,0.69
645,Fengzhen,CN,2021-02-07 16:50:17,40.4394,113.1536,17.65,74,0,1.61
646,Matanzas,CU,2021-02-07 16:47:17,23.0411,-81.5775,82.4,69,40,13.8
647,Klyuchi,RU,2021-02-07 16:50:49,52.2667,79.1667,17.92,93,75,13.27
648,Yar-Sale,RU,2021-02-07 16:50:50,66.8333,70.8333,-11.52,89,100,24.85
649,Zeya,RU,2021-02-07 16:50:50,53.75,127.2667,-14.49,83,27,3.31
650,Niamey,NE,2021-02-07 16:50:50,13.5137,2.1098,93.2,8,90,6.91
651,Santa Cruz,BO,2021-02-07 16:50:50,-17.8,-63.1667,91.4,46,40,5.75
652,Cascais,PT,2021-02-07 16:50:50,38.6979,-9.4215,57.0,88,75,12.66
653,Verkhnevilyuysk,RU,2021-02-07 16:50:50,63.4453,120.3167,-13.97,87,50,8.95
654,Gadwal,IN,2021-02-07 16:50:51,16.2333,77.8,70.52,41,2,7.56
655,Umm Lajj,SA,2021-02-07 16:48:08,25.0213,37.2685,75.49,35,0,11.21
656,Gogrial,SS,2021-02-07 16:50:51,8.5332,28.1004,76.42,17,44,4.18
657,Salta,AR,2021-02-07 16:48:21,-24.7859,-65.4117,78.8,44,40,3.44
658,Ukholovo,RU,2021-02-07 16:50:51,53.7929,40.4892,-1.3,92,87,11.72
659,Lincoln,US,2021-02-07 16:50:51,40.8,-96.667,3.99,66,90,12.66
660,Chintamani,IN,2021-02-07 16:50:51,13.4,78.0667,69.8,37,17,5.75
661,Marzuq,YE,2021-02-07 16:50:51,14.4,46.4667,63.5,64,0,2.57
662,Thinadhoo,MV,2021-02-07 16:50:51,0.5333,72.9333,82.13,74,27,12.71
663,Russell,US,2021-02-07 16:50:52,32.3502,-85.1999,48.2,71,90,6.91
664,Teeli,RU,2021-02-07 16:50:52,51.0333,90.2333,1.47,89,93,0.51
665,Mount Vernon,US,2021-02-07 16:50:04,40.9126,-73.8371,33.8,86,90,14.97
666,Bom Jesus,BR,2021-02-07 16:50:52,-9.0744,-44.3586,85.5,57,99,5.37
667,Baiyin,CN,2021-02-07 16:50:52,36.5583,104.2081,33.01,30,0,8.95
668,Merauke,ID,2021-02-07 16:47:39,-8.4667,140.3333,79.57,85,93,12.21
669,Saint-Pierre,RE,2021-02-07 16:47:48,-21.3393,55.4781,80.6,78,20,1.14
670,Berezovka,BY,2021-02-07 16:50:52,53.7214,25.4993,0.01,92,67,6.17
671,Foca,TR,2021-02-07 16:50:52,38.6703,26.7566,62.6,59,0,11.5
672,Milas,TR,2021-02-07 16:50:53,37.3164,27.7839,59.0,72,75,4.61
673,Urbano Santos,BR,2021-02-07 16:50:53,-3.2078,-43.4036,92.55,45,2,5.86
674,Alberton,CA,2021-02-07 16:50:53,46.8168,-64.0654,24.8,63,40,17.27
675,Altamira,BR,2021-02-07 16:50:53,-3.2033,-52.2064,82.4,89,75,2.3
676,Dickinson,US,2021-02-07 16:50:53,29.4608,-95.0513,55.99,71,1,11.5
677,Talcahuano,CL,2021-02-07 16:50:53,-36.7167,-73.1167,64.4,77,90,6.91
678,Obzor,BG,2021-02-07 16:50:53,42.8167,27.8833,48.2,100,90,9.22
679,Ewa Beach,US,2021-02-07 16:50:53,21.3156,-158.0072,62.6,77,75,4.61
680,Dunedin,NZ,2021-02-07 16:50:53,-45.8742,170.5036,57.0,92,47,3.0
681,Saint-Georges,GD,2021-02-07 16:50:53,12.0564,-61.7485,84.2,65,20,24.16
682,Chiredzi,ZW,2021-02-07 16:50:54,-21.05,31.6667,78.46,64,68,5.7
683,Gizo,SB,2021-02-07 16:50:54,-8.103,156.8419,82.51,76,55,7.96
684,Kieta,PG,2021-02-07 16:50:54,-6.2167,155.6333,79.52,79,99,4.0
685,Mae Sai,TH,2021-02-07 16:50:54,20.4335,99.8762,68.0,100,75,5.75
686,Tagusao,PH,2021-02-07 16:50:54,9.1924,117.8141,79.03,82,97,5.53
687,Puerto Madryn,AR,2021-02-07 16:48:08,-42.7692,-65.0385,61.25,50,53,13.98
688,Samfya,ZM,2021-02-07 16:50:54,-11.3649,29.5565,70.81,87,92,5.14
689,Pamanukan,ID,2021-02-07 16:50:54,-6.2842,107.8106,76.64,92,100,10.36
690,Bubaque,GW,2021-02-07 16:50:55,11.2833,-15.8333,79.72,56,0,13.18
691,Port Macquarie,AU,2021-02-07 16:47:06,-31.4333,152.9167,68.0,96,66,10.51
692,Tahoua,NE,2021-02-07 16:50:55,14.8888,5.2692,91.4,6,39,6.91
693,Jaguey Grande,CU,2021-02-07 16:50:55,22.5269,-81.1286,82.4,69,40,13.8
694,Nalut,LY,2021-02-07 16:47:37,30.3333,10.85,69.53,24,61,18.34
695,Medowie,AU,2021-02-07 16:47:33,-32.7333,151.8667,70.0,83,90,10.36
696,Awjilah,LY,2021-02-07 16:50:55,29.1081,21.2869,70.52,23,80,11.54
697,Hannibal,US,2021-02-07 16:50:55,39.7084,-91.3585,3.2,47,75,4.61
698,Uyskoye,RU,2021-02-07 16:50:55,54.3775,60.0047,-4.02,86,11,11.41
699,Shadrinsk,RU,2021-02-07 16:50:55,56.0852,63.6335,-3.51,86,24,12.48
700,Kalengwa,ZM,2021-02-07 16:50:56,-13.4659,25.0027,70.52,90,100,3.87
701,Santa Marta,CO,2021-02-07 16:48:33,11.2408,-74.199,83.97,61,99,15.1
702,Escanaba,US,2021-02-07 16:50:56,45.7453,-87.0646,-2.99,59,1,14.97
703,Broken Hill,AU,2021-02-07 16:50:56,-31.95,141.4333,66.2,42,0,11.5
704,Kaduna,NG,2021-02-07 16:50:56,10.5222,7.4383,88.43,12,65,2.75
705,Alugan,PH,2021-02-07 16:50:56,12.2188,125.4808,79.75,85,100,16.28
706,Arman,RU,2021-02-07 16:50:56,59.7,150.1667,13.06,86,100,15.66
707,Birjand,IR,2021-02-07 16:48:17,32.8663,59.2211,48.2,20,0,6.91
708,Afsin,TR,2021-02-07 16:50:57,38.2477,36.914,32.5,87,24,1.14
709,Gamba,GA,2021-02-07 16:50:57,-2.65,10.0,79.59,83,100,6.44
710,Rawson,AR,2021-02-07 16:48:14,-43.3002,-65.1023,61.25,50,29,14.45
711,Miragoane,HT,2021-02-07 16:50:57,18.4423,-73.0876,79.43,65,26,7.78
712,Chilca,PE,2021-02-07 16:50:57,-12.5211,-76.7372,77.0,73,75,9.22
713,Canon City,US,2021-02-07 16:50:57,38.441,-105.2424,51.8,17,1,18.41
714,Tiarei,PF,2021-02-07 16:50:58,-17.5333,-149.3333,77.0,78,75,2.3
715,Emerald,AU,2021-02-07 16:50:58,-23.5333,148.1667,80.6,89,75,5.99
716,Lucapa,AO,2021-02-07 16:50:58,-8.4192,20.7447,70.43,91,100,3.56
717,Aviles,ES,2021-02-07 16:47:12,43.5547,-5.9248,50.0,81,75,8.05
718,Shimoda,JP,2021-02-07 16:50:58,34.6667,138.95,42.01,54,1,1.01
719,Bela Vista Do Paraiso,BR,2021-02-07 16:50:58,-22.9967,-51.1906,82.4,54,20,5.75
720,Loreto,MX,2021-02-07 16:50:58,22.2667,-101.9667,65.79,30,1,8.57
721,Novobureyskiy,RU,2021-02-07 16:50:58,49.798,129.8774,-18.33,87,33,5.61
722,Khasan,RU,2021-02-07 16:50:58,42.4308,130.6434,9.64,85,11,17.92
723,San Carlos De Bariloche,AR,2021-02-07 16:48:09,-41.1456,-71.3082,63.64,56,91,7.9
724,Zaltan,LY,2021-02-07 16:50:59,32.947,11.8665,69.48,49,38,12.84
725,Camara De Lobos,PT,2021-02-07 16:50:59,32.6333,-16.9667,62.6,72,40,3.44
726,Kungurtug,RU,2021-02-07 16:50:59,50.5994,97.5228,7.02,85,0,3.22
727,Jacareacanga,BR,2021-02-07 16:50:59,-6.2222,-57.7528,83.23,86,71,3.51
728,Tahe,CN,2021-02-07 16:50:59,52.3333,124.7333,-13.61,86,28,3.89
729,Murray Bridge,AU,2021-02-07 16:50:59,-35.1167,139.2667,53.01,92,7,1.01
730,Ikalamavony,MG,2021-02-07 16:50:59,-21.15,46.5833,70.84,85,98,2.82
731,Coquimbo,CL,2021-02-07 16:50:59,-29.9533,-71.3436,68.0,60,40,11.5
732,Verkhnyaya Inta,RU,2021-02-07 16:50:59,65.9811,60.3094,-16.69,88,100,8.59
733,Juneau,US,2021-02-07 16:50:25,58.3019,-134.4197,12.0,78,20,5.99
734,Forssa,FI,2021-02-07 16:51:00,60.8146,23.6215,17.01,90,100,6.44
735,Yamada,JP,2021-02-07 16:51:00,39.4667,141.95,26.42,86,0,11.79
736,Yuli,NG,2021-02-07 16:51:00,9.6989,10.2744,91.31,11,92,5.39
737,Lingao,CN,2021-02-07 16:51:00,19.9103,109.6859,68.11,86,47,10.22
738,Kenai,US,2021-02-07 16:51:00,60.5544,-151.2583,7.0,85,90,4.61
739,Zhurivka,UA,2021-02-07 16:51:00,50.5028,31.7849,10.4,79,0,6.71
740,Florianopolis,BR,2021-02-07 16:51:01,-27.6146,-48.5012,86.0,39,0,13.8
741,Novikovo,RU,2021-02-07 16:51:01,51.1537,37.8879,3.27,91,15,8.68
742,Betanzos,ES,2021-02-07 16:51:01,43.2804,-8.2147,53.01,82,20,17.27
743,Westport,US,2021-02-07 16:47:21,41.1415,-73.3579,30.99,86,90,14.97
744,Santa Marta De Tormes,ES,2021-02-07 16:51:01,40.9506,-5.6272,42.01,87,75,14.97
745,Celestun,MX,2021-02-07 16:51:01,20.8667,-90.4,81.25,64,1,4.52
746,Madera,US,2021-02-07 16:51:01,37.1666,-119.8343,51.01,66,5,0.69
747,Nuuk,GL,2021-02-07 16:47:59,64.1835,-51.7216,33.8,40,20,6.91
748,Ust-Nera,RU,2021-02-07 16:51:01,64.5667,143.2,-12.59,76,96,5.59
749,Puerto Colombia,CO,2021-02-07 16:51:02,10.9878,-74.9547,87.8,62,0,5.75
750,Bulawayo,ZW,2021-02-07 16:50:16,-20.15,28.5833,68.13,88,96,9.1
751,Darhan,MN,2021-02-07 16:51:02,49.4867,105.9228,3.69,88,4,6.13
752,Maldonado,UY,2021-02-07 16:51:02,-34.6667,-54.9167,80.6,54,20,6.91
753,Wukari,NG,2021-02-07 16:51:02,7.85,9.7833,94.53,10,99,3.91
754,Xuddur,SO,2021-02-07 16:51:02,4.1213,43.8894,80.37,35,0,9.57
755,Nyurba,RU,2021-02-07 16:51:02,63.2842,118.3319,-6.2,88,100,7.63
756,Imeni Stepana Razina,RU,2021-02-07 16:51:03,54.8932,44.2963,1.89,92,100,13.09
757,Makubetsu,JP,2021-02-07 16:51:03,45.3714,141.8211,14.0,94,81,1.19
758,Havoysund,NO,2021-02-07 16:51:03,70.9963,24.6622,28.4,64,75,25.32
759,Sinnamary,GF,2021-02-07 16:51:03,5.3833,-52.95,78.44,87,80,14.88
760,Cooma,AU,2021-02-07 16:51:03,-36.2333,149.1333,51.8,82,90,5.75
761,Ishinomaki,JP,2021-02-07 16:51:03,38.4167,141.3,33.31,84,2,27.11
762,Boffa,GN,2021-02-07 16:51:03,10.1667,-14.0333,88.39,48,18,11.77
763,Kawalu,ID,2021-02-07 16:51:03,-7.3817,108.2082,73.33,90,100,3.58
764,Ayan,RU,2021-02-07 16:51:03,56.45,138.1667,-4.45,78,100,21.18
765,Giulvaz,RO,2021-02-07 16:51:04,45.5489,20.9844,52.0,93,0,9.22
766,Baculin,PH,2021-02-07 16:51:04,7.4525,126.5842,76.73,87,100,4.94
767,San Miguel,SV,2021-02-07 16:51:04,13.4833,-88.1833,86.0,58,0,3.44
768,Starychi,UA,2021-02-07 16:51:04,49.98,23.5585,19.4,93,75,15.66
769,Santa Fe,AR,2021-02-07 16:50:22,-31.6333,-60.7,91.0,39,0,5.99
770,Balkanabat,TM,2021-02-07 16:51:04,39.5108,54.3671,52.95,55,100,7.65
771,Kawambwa,ZM,2021-02-07 16:51:04,-9.7915,29.0791,66.92,94,93,2.3
772,Novyy Urengoy,RU,2021-02-07 16:51:04,66.0833,76.6333,-3.15,92,100,19.26
773,Gashua,NG,2021-02-07 16:51:04,12.871,11.0482,80.8,16,5,6.35
774,Svetlogorsk,BY,2021-02-07 16:51:05,52.6333,29.7333,5.43,92,65,3.8
775,Vanavara,RU,2021-02-07 16:51:05,60.34,102.2797,27.14,98,100,9.55
776,Brownsville,US,2021-02-07 16:51:05,25.9018,-97.4975,71.6,56,1,9.22
777,Makarov,RU,2021-02-07 16:51:05,48.6333,142.8,0.43,87,14,10.69
778,Encruzilhada,BR,2021-02-07 16:51:05,-15.5314,-40.9094,80.08,63,100,7.0
779,Mul,IN,2021-02-07 16:47:14,20.0667,79.6667,64.53,26,33,6.06
780,Bar Harbor,US,2021-02-07 16:51:05,44.3876,-68.2039,32.0,63,1,8.05
781,Jasper,US,2021-02-07 16:51:05,37.2001,-94.3502,19.99,79,90,10.36
782,Dakar,SN,2021-02-07 16:51:06,14.6937,-17.4441,71.6,53,0,19.57
783,Marsh Harbour,BS,2021-02-07 16:51:06,26.5412,-77.0636,78.12,77,0,20.51
784,Rorvik,NO,2021-02-07 16:51:06,64.8621,11.2373,14.0,92,0,4.61
785,Port Moresby,PG,2021-02-07 16:48:21,-9.4431,147.1797,77.0,94,20,9.22
786,Matipo,BR,2021-02-07 16:51:06,-20.2839,-42.3411,70.84,93,100,0.76
787,Bytosh,RU,2021-02-07 16:51:07,53.8186,34.0912,1.87,93,70,7.14
788,Livingstone,ZM,2021-02-07 16:46:08,-17.8419,25.8543,73.04,89,59,5.26
789,Gayeri,BF,2021-02-07 16:51:07,12.6497,0.4931,97.97,9,72,9.69
790,High Prairie,CA,2021-02-07 16:48:10,55.4334,-116.4858,-40.0,67,37,5.75
791,Lamar,US,2021-02-07 16:47:24,33.6668,-95.5836,39.99,100,90,9.22
792,Moose Factory,CA,2021-02-07 16:51:07,51.2585,-80.6094,-7.6,70,75,5.75
793,Raymond,US,2021-02-07 16:51:07,43.9015,-70.4703,28.0,62,100,4.12
794,Teahupoo,PF,2021-02-07 16:51:08,-17.8333,-149.2667,77.0,78,75,2.3
795,Goba,ET,2021-02-07 16:51:08,7.0167,39.9833,52.93,73,86,0.38
796,Carutapera,BR,2021-02-07 16:51:08,-1.195,-46.02,87.39,61,12,10.29
797,Bac Lieu,VN,2021-02-07 16:51:08,9.285,105.7244,76.55,81,99,14.23
798,Dharchula,IN,2021-02-07 16:51:08,29.85,80.5333,52.07,32,0,6.96
799,Yeppoon,AU,2021-02-07 16:51:08,-23.1333,150.7333,80.6,78,90,4.74
800,Alenquer,BR,2021-02-07 16:51:08,-1.9417,-54.7383,86.0,70,40,6.91
801,Myanaung,MM,2021-02-07 16:51:08,18.2833,95.3167,70.66,50,76,4.05
802,Traverse City,US,2021-02-07 16:48:30,44.7631,-85.6206,7.0,72,75,12.66
803,Moindou,NC,2021-02-07 16:51:09,-21.6924,165.677,71.6,94,0,2.3
804,Portales,US,2021-02-07 16:51:09,34.1862,-103.3344,57.0,16,1,16.11
805,Bilma,NE,2021-02-07 16:48:05,18.6853,12.9164,73.09,18,70,6.22
806,Sao Gabriel Da Cachoeira,BR,2021-02-07 16:51:09,-0.1303,-67.0892,84.2,79,75,5.75
807,Matagami,CA,2021-02-07 16:51:09,49.7502,-77.6328,12.2,67,90,11.5
808,Trairi,BR,2021-02-07 16:49:26,-3.2778,-39.2689,89.02,54,32,13.71
809,Goedereede,NL,2021-02-07 16:51:09,51.8175,3.9806,25.0,93,100,3.0
810,Vestmannaeyjar,IS,2021-02-07 16:51:09,63.4427,-20.2734,37.4,75,40,27.63
811,Tetela De Ocampo,MX,2021-02-07 16:51:10,19.8167,-97.8,67.35,49,60,3.67
812,Billerbeck,DE,2021-02-07 16:51:10,51.9667,7.3,21.99,80,100,3.0
813,Beloha,MG,2021-02-07 16:51:10,-25.1667,45.05,77.23,81,23,9.91
814,Barreirinhas,BR,2021-02-07 16:51:10,-2.7469,-42.8264,87.87,59,27,12.15
815,Novaya Igirma,RU,2021-02-07 16:51:10,57.1334,103.9112,21.81,95,100,8.43
816,Bafoulabe,ML,2021-02-07 16:51:10,13.8065,-10.8321,94.44,10,79,8.7
